{"completed_molecules": 500, "total_molecules": 500, "success_count": 500, "error_count": 0, "progress_percentage": 100.0, "elapsed_time": 0.10622501373291016, "molecules_per_second": 4706.989271445886, "batch_number": 5, "total_batches": 5, "timestamp": "2025-05-12T11:32:09.679010"}