{
  "timestamp": "2025-04-29T21:03:11.857598",
  "operations": {
    "get_molecules": {
      "count": 25,
      "min_ms": 100.91638565063477,
      "max_ms": 573.3120441436768,
      "avg_ms": 218.66798400878906,
      "median_ms": 174.37481880187988,
      "p95_ms": 452.6329040527344,
      "p99_ms": 573.3120441436768
    },
    "get_mixtures": {
      "count": 25,
      "min_ms": 100.8751392364502,
      "max_ms": 327.98075675964355,
      "avg_ms": 146.5403652191162,
      "median_ms": 119.34781074523926,
      "p95_ms": 269.7310447692871,
      "p99_ms": 327.98075675964355
    },
    "get_predictions": {
      "count": 25,
      "min_ms": 93.51015090942383,
      "max_ms": 259.97304916381836,
      "avg_ms": 156.79283142089844,
      "median_ms": 156.5573215484619,
      "p95_ms": 243.24321746826172,
      "p99_ms": 259.97304916381836
    }
  }
}