{"completed_molecules": 10000, "total_molecules": 10000, "success_count": 10000, "error_count": 0, "progress_percentage": 100.0, "elapsed_time": 2.9071719646453857, "molecules_per_second": 3439.768999430273, "batch_number": 20, "total_batches": 20, "timestamp": "2025-05-12T01:25:50.633697"}