{"completed_molecules": 200, "total_molecules": 200, "success_count": 200, "error_count": 0, "progress_percentage": 100.0, "elapsed_time": 0.06731367111206055, "molecules_per_second": 2971.164648961868, "batch_number": 2, "total_batches": 2, "timestamp": "2025-05-12T01:25:10.778036"}