{"completed_molecules": 2000, "total_molecules": 2000, "success_count": 2000, "error_count": 0, "progress_percentage": 100.0, "elapsed_time": 0.5743014812469482, "molecules_per_second": 3482.4914531954773, "batch_number": 4, "total_batches": 4, "timestamp": "2025-05-12T01:25:31.780590"}