{"last_completed_batch": 14, "total_processed": 1400, "total_imported": 27, "total_skipped": 1259, "total_errors": 114, "batch_times": [26.278149366378784, 11.400195598602295, 0.2836496829986572, 0.0, 0.0, 0.39078760147094727, 0.0, 0.0, 0.0, 0.0, 0.0, 0.0, 17.370665311813354, 0.8390481472015381], "elapsed_seconds": 140.67207050323486, "timestamp": "2025-04-27T21:53:05.802106", "status": "Paused"}