{"last_completed_batch": 2, "total_processed": 200, "total_imported": 4, "total_skipped": 108, "total_errors": 88, "batch_times": [14.862334251403809, 15.534958600997925], "elapsed_seconds": 33.67604160308838, "timestamp": "2025-04-27T21:45:13.546983", "status": "Paused"}