{"last_completed_batch": 8, "total_processed": 800, "total_imported": 638, "total_skipped": 162, "total_errors": 0, "batch_times": [332.41485357284546, 337.63680124282837, 372.71214604377747, 354.73002338409424, 375.32938718795776, 355.4434311389923, 318.2964084148407, 323.9678647518158], "elapsed_seconds": 3023.670124053955, "timestamp": "2025-04-27T21:40:16.749951", "status": "Paused"}