{
  "last_completed_batch": 1,
  "total_processed": 120,
  "total_imported": 120,
  "total_skipped": 84,
  "total_errors": 0,
  "batch_times": [
    15.156914710998535,
    5.846794843673706,
    25.809218645095825,
    9.70816159248352,
    1.667236566543579,
    1.0317647457122803,
    0.33040285110473633,
    0.3760809898376465,
    0.642629861831665,
    1.6854114532470703,
    0.00099945068359375,
    0.0005614757537841797,
    0.000637054443359375,
    0.001409769058227539,
    0.0009286403656005859,
    0.0038404464721679688,
    0.4868168830871582,
    0.6256108283996582,
    2.1810479164123535
  ],
  "elapsed_seconds": 141.86679100990295,
  "timestamp": "2025-05-13T04:33:37.020569",
  "status": "Paused"
}